index,flh,flk,frh,frk,blh,blk,brh,brk
89,4798,8787,9339,5593,6000,9901, 10713, 6637
88,4788,8836,9359,5651,5990,9863, 10723, 6608
87,4788,8865,9368,5690,5970,9815, 10732, 6570
86,4788,8894,9397,5728,5961,9777, 10732, 6541
85,4788,8933,9427,5777,5922,9739, 10732, 6503
84,4798,8962,9464,5816,5893,9682, 10713, 6474
83,4817,9010,9503,5845,5864,9654, 10713, 6436
82,4826,9039,9522,5893,5835,9625, 10703, 6407
81,4835,9078,9551,5922,5816,9568, 10684, 6378
80,4864,9097,9561,5961,5767,9540, 10664, 6349
79,4883,9117,9589,5980,5767,9521, 10655, 6311
78,4902,9136,9599,6000,5738,9492, 10616, 6282
77,4921,9155,9628,6029,5728,9454, 10597, 6273
76,4949,9184,9647,6048,5709,9436, 10587, 6234
75,4958,9204,9657,6087,5699,9417, 10577, 6215
74,4968,9233,9666,6096,5680,9388, 10558, 6205
73,4996,9243,9686,6125,5670,9378, 10538, 6167
72,5006,9272,9695,6135,5651,9368, 10529, 6148
71,5015,9291,9695,6145,5641,9330, 10509, 6129
70,5025,9310,9715,6164,5632,9320, 10509, 6109
69,5044,9330,9724,6184,5622,9310, 10480, 6090
68,5053,9359,9734,6193,5612,9291, 10470, 6071
67,5072,9378,9743,6222,5603,9272, 10461, 6062
66,5081,9397,9753,6232,5593,9262, 10441, 6052
65,5100,9417,9772,6242,5583,9243, 10422, 6023
64,5119,9436,9772,6261,5573,9223, 10412, 6004
63,5138,9464,9782,6280,5564,9194, 10393, 5985
62,5157,9492,9811,6300,5555,9184, 10373, 5956
61,5176,9511,9820,6309,5545,9155, 10344, 5927
60,5186,9540,9830,6338,5526,9136, 10335, 5889
59,5214,9578,9840,6377,5517,9078, 10315, 5870
58,5233,9616,9859,6416,5507,9059, 10276, 5822
57,5271,9644,9869,6464,5498,9010, 10247, 5802
56,5299,9673,9888,6503,5469,8971, 10218, 5764
55,5318,9701,9897,6552,5450,8933, 10179, 5745
54,5356,9730,9926,6600,5440,8894, 10150, 5716
53,5384,9749,9955,6629,5411,8846, 10131, 5687
52,5422,9787,9994,6677,5383,8807, 10092, 5659
51,5450,9796,10032,6706,5344,8768, 10053, 5620
50,5498,9806,10071,6765,5306,8729, 10034, 5611
49,5526,9825,10119,6794,5258,8710, 9995, 5601
48,5564,9834,10157,6803,5211,8691, 9966, 5582
47,5602,9863,10186,6803,5172,8681, 9927, 5582
46,5650,9882,10225,6803,5134,8681, 9869, 5563
45,5688,9891,10282,6784,5096,8700, 9840, 5554
44,5727,9910,10302,6774,5057,8710, 9801, 5544
43,5775,9910,10331,6755,5019,8729, 9733, 5535
42,5814,9910,10388,6716,5000,8768, 9704, 5535
41,5843,9901,10369,6697,4971,8778, 9675, 5544
40,5862,9882,10427,6677,4952,8807, 9655, 5563
39,5872,9834,10408,6629,4952,8846, 9636, 5601
38,5862,9796,10417,6610,4943,8884, 9655, 5630
37,5843,9749,10417,6571,4933,8904, 9665, 5668
36,5814,9701,10417,6532,4943,8942, 9704, 5716
35,5794,9663,10417,6493,4943,8971, 9733, 5755
34,5766,9625,10417,6464,4952,9010, 9762, 5802
33,5737,9597,10408,6426,4952,9049, 9801, 5850
32,5708,9568,10388,6397,4971,9068, 9820, 5889
31,5679,9530,10369,6377,4981,9107, 9850, 5927
30,5660,9502,10359,6338,4991,9136, 9879, 5966
29,5640,9464,10340,6309,5019,9155, 9908, 5994
28,5621,9436,10311,6290,5038,9184, 9917, 6014
27,5602,9397,10302,6261,5057,9213, 9947, 6042
26,5573,9378,10282,6242,5067,9243, 9966, 6062
25,5555,9349,10273,6222,5086,9262, 9956, 6071
24,5536,9330,10244,6203,5115,9281, 9985, 6081
23,5526,9320,10225,6174,5124,9310, 9985, 6109
22,5517,9301,10215,6154,5134,9330, 10005, 6119
21,5507,9281,10205,6135,5163,9349, 10024, 6129
20,5498,9272,10186,6116,5172,9368, 10034, 6138
19,5488,9262,10177,6106,5182,9388, 10034, 6157
18,5469,9252,10167,6087,5191,9397, 10053, 6177
17,5469,9233,10148,6058,5211,9436, 10053, 6205
16,5460,9223,10138,6048,5220,9436, 10073, 6225
15,5450,9204,10119,6019,5239,9464, 10082, 6244
14,5441,9184,10100,6000,5249,9483, 10092, 6273
13,5422,9146,10080,5970,5268,9502, 10092, 6301
12,5422,9136,10080,5961,5287,9530, 10111, 6321
11,5413,9097,10051,5912,5316,9568, 10121, 6349
10,5394,9078,10032,5874,5335,9597, 10131, 6378
9,5384,9049,10003,5845,5364,9616, 10131, 6407
8,5365,9010,9974,5816,5392,9663, 10150, 6445
7,5356,8971,9955,5787,5411,9692, 10170, 6493
6,5346,8933,9917,5757,5440,9720, 10170, 6541
5,5318,8884,9897,5728,5469,9749, 10208, 6570
4,5299,8846,9859,5719,5507,9777, 10238, 6618
3,5271,8797,9830,5680,5536,9815, 10276, 6656
2,5233,8768,9772,5661,5564,9815, 10306, 6704
1,5195,8710,9753,5632,5603,9844, 10335, 6733
0,5157,8681,9715,5612,5641,9863, 10393, 6781
99,5119,8652,9676,5593,5670,9891, 10422, 6810
98,5072,8652,9657,5583,5699,9901, 10461, 6819
97,5034,8652,9618,5573,5728,9910, 10509, 6819
96,4996,8642,9570,5564,5767,9920, 10538, 6819
95,4949,8642,9532,5555,5796,9939, 10577, 6800
94,4902,8671,9503,5545,5835,9967, 10606, 6791
87,4788,8875,9464,5583,5845,9910, 10703, 6560
86,4788,8884,9503,5612,5825,9891, 10703, 6541
85,4798,8923,9532,5632,5806,9863, 10713, 6493
84,4807,8952,9561,5661,5787,9834, 10713, 6474
83,4817,8991,9589,5680,5757,9806, 10703, 6436
82,4826,9020,9618,5709,5738,9787, 10694, 6416
81,4845,9068,9628,5728,5728,9768, 10694, 6378
80,4864,9097,9647,5757,5699,9739, 10694, 6349
79,4883,9117,9657,5796,5680,9711, 10664, 6321
78,4892,9146,9686,5816,5661,9692, 10655, 6292
77,4911,9165,9695,5854,5641,9654, 10616, 6273
76,4940,9184,9715,5893,5632,9635, 10597, 6244
75,4958,9204,9734,5922,5622,9597, 10577, 6205
74,4977,9233,9743,5961,5603,9587, 10548, 6177
73,4987,9252,9753,5980,5593,9559, 10529, 6148
72,5006,9272,9772,6009,5583,9530, 10519, 6138
71,5015,9291,9782,6038,5573,9511, 10500, 6129
70,5025,9310,9782,6048,5555,9483, 10500, 6119
69,5044,9330,9792,6087,5545,9473, 10480, 6100
68,5063,9349,9811,6106,5536,9445, 10470, 6081
67,5063,9378,9820,6125,5536,9417, 10461, 6062
66,5081,9397,9830,6145,5526,9388, 10432, 6052
65,5100,9407,9840,6164,5517,9378, 10422, 6023
64,5110,9445,9840,6184,5507,9339, 10412, 6004
63,5129,9464,9849,6193,5498,9320, 10383, 5985
62,5157,9483,9859,6242,5488,9301, 10373, 5956
61,5167,9511,9869,6251,5469,9272, 10354, 5927
60,5186,9540,9878,6271,5459,9252, 10335, 5898
59,5214,9587,9888,6319,5459,9233, 10325, 5870
58,5233,9616,9897,6338,5440,9204, 10286, 5831
57,5271,9654,9907,6368,5431,9175, 10257, 5802
56,5299,9682,9926,6406,5411,9146, 10228, 5764
55,5318,9711,9946,6445,5392,9117, 10189, 5745
54,5356,9720,9965,6474,5373,9088, 10160, 5707
53,5384,9739,9994,6513,5335,9068, 10131, 5668
52,5422,9777,10023,6552,5316,9030, 10102, 5659
51,5450,9796,10071,6600,5278,8991, 10073, 5630
50,5498,9796,10100,6629,5230,8971, 10034, 5601
49,5526,9825,10148,6687,5191,8933, 9995, 5601
48,5564,9844,10186,6716,5153,8894, 9956, 5591
47,5602,9872,10215,6745,5096,8865, 9927, 5582
46,5650,9882,10263,6765,5067,8836, 9869, 5554
45,5679,9891,10292,6755,5038,8816, 9840, 5554
44,5717,9910,10321,6735,5010,8807, 9811, 5525
43,5766,9910,10350,6716,4981,8797, 9782, 5506
42,5794,9910,10369,6687,4962,8797, 9753, 5497
41,5823,9901,10398,6668,4952,8826, 9753, 5506
40,5843,9882,10408,6629,4943,8846, 9753, 5516
39,5852,9853,10417,6610,4924,8865, 9753, 5525
38,5862,9806,10417,6581,4924,8894, 9782, 5544
37,5843,9777,10427,6571,4924,8923, 9791, 5563
36,5823,9739,10427,6542,4924,8942, 9811, 5582
35,5775,9701,10417,6503,4924,8991, 9820, 5601
34,5746,9673,10417,6474,4924,9010, 9859, 5620
33,5708,9625,10408,6455,4943,9059, 9879, 5639
32,5669,9606,10408,6397,4952,9097, 9908, 5659
31,5640,9568,10388,6348,4962,9136, 9937, 5687
30,5602,9559,10369,6319,4971,9165, 9947, 5726
29,5573,9530,10350,6290,4991,9194, 9966, 5745
28,5545,9511,10331,6271,5000,9213, 9995, 5764
27,5517,9511,10302,6261,5019,9243, 10005, 5802
26,5498,9492,10282,6251,5038,9262, 10034, 5822
25,5469,9483,10263,6232,5048,9281, 10044, 5850
24,5460,9464,10254,6184,5067,9301, 10044, 5870
23,5450,9454,10234,6164,5096,9320, 10082, 5889
22,5441,9436,10215,6135,5115,9339, 10092, 5898
21,5422,9417,10215,6125,5134,9339, 10102, 5927
20,5422,9397,10215,6106,5163,9368, 10102, 5946
19,5413,9378,10196,6106,5191,9388, 10111, 5956
18,5403,9359,10186,6087,5201,9388, 10111, 5985
17,5394,9330,10167,6058,5220,9417, 10131, 5994
16,5394,9310,10157,6038,5230,9436, 10141, 6023
15,5384,9291,10128,6019,5239,9454, 10160, 6042
14,5365,9272,10109,6000,5258,9483, 10160, 6052
13,5365,9243,10090,5980,5268,9502, 10179, 6081
12,5356,9223,10071,5961,5287,9521, 10179, 6100
11,5346,9194,10032,5932,5344,9568, 10199, 6129
10,5337,9175,10023,5903,5325,9597, 10189, 6148
9,5318,9136,9994,5854,5364,9625, 10208, 6186
8,5309,9117,9974,5825,5392,9644, 10218, 6215
7,5299,9088,9946,5796,5411,9682, 10228, 6234
6,5280,9059,9917,5767,5440,9720, 10247, 6292
5,5271,9030,9897,5738,5469,9749, 10257, 6311
4,5242,8991,9849,5719,5498,9777, 10286, 6340
3,5223,8952,9830,5690,5526,9806, 10315, 6378
2,5186,8923,9792,5670,5545,9825, 10325, 6426
1,5157,8884,9772,5632,5583,9844, 10403, 6455
0,5110,8836,9705,5612,5612,9872, 10422, 6503
99,5072,8807,9686,5593,5641,9901, 10461, 6551
98,5025,8778,9657,5583,5690,9901, 10509, 6589
97,4987,8729,9618,5564,5719,9910, 10548, 6618
96,4949,8710,9580,5555,5757,9920, 10577, 6656
95,4911,8710,9551,5545,5796,9948, 10606, 6695
94,4873,8710,9512,5526,5835,9967, 10664, 6695
93,4845,8720,9474,5517,5864,9967, 10684, 6695
92,4826,8739,9455,5517,5893,9967, 10694, 6685
91,4817,8778,9436,5517,5903,9967, 10713, 6666
90,4798,8807,9436,5526,5903,9958, 10713, 6647
89,4788,8836,9455,5545,5893,9948, 10713, 6608
88,4788,8855,9464,5555,5874,9920, 10713, 6580
87,4798,8875,9493,5583,5864,9901, 10713, 6570
86,4798,8894,9512,5603,5835,9891, 10713, 6541
85,4807,8923,9551,5622,5806,9863, 10713, 6503
84,4807,8942,9715,5641,5787,9844, 10713, 6474
83,4817,8991,9589,5670,5757,9806, 10703, 6445
82,4826,9020,9618,5709,5738,9787, 10703, 6407
81,4845,9059,9638,5728,5719,9758, 10694, 6378
80,4854,9097,9647,5748,5699,9730, 10684, 6349
79,4873,9126,9666,5787,5680,9711, 10664, 6321
78,4892,9146,9686,5806,5670,9682, 10635, 6292
77,4911,9184,9705,5854,5641,9663, 10626, 6273
76,4930,9194,9724,5883,5632,9635, 10597, 6234
75,4958,9204,9734,5912,5622,9597, 10577, 6205
74,4977,9223,9743,5961,5603,9568, 10548, 6186
73,4996,9243,9753,5980,5593,9549, 10519, 6157
72,5006,9262,9772,6000,5583,9521, 10509, 6138
71,5015,9291,9772,6029,5564,9502, 10509, 6119
70,5034,9310,9782,6038,5564,9473, 10500, 6109
69,5044,9330,9801,6077,5555,9454, 10490, 6109
68,5053,9359,9811,6096,5545,9436, 10461, 6071
67,5072,9378,9820,6125,5536,9407, 10441, 6071
66,5081,9397,9830,6135,5526,9378, 10441, 6052
65,5100,9427,9830,6154,5517,9368, 10422, 6023
64,5119,9436,9840,6184,5517,9339, 10393, 6004
63,5138,9454,9849,6193,5507,9310, 10383, 5985
62,5157,9492,9859,6242,5488,9291, 10373, 5966
61,5176,9521,9869,6261,5469,9262, 10335, 5918
60,5186,9540,9878,6271,5459,9243, 10335, 5889
59,5214,9578,9897,6309,5459,9204, 10315, 5870
58,5233,9616,9907,6338,5440,9184, 10296, 5831
57,5271,9654,9907,6368,5421,9165, 10257, 5793
56,5290,9673,9926,6406,5402,9126, 10228, 5764
55,5318,9701,9946,6455,5392,9097, 10218, 5745
54,5356,9720,9965,6484,5364,9078, 10170, 5716
53,5384,9739,9984,6513,5335,9049, 10131, 5687
52,5422,9768,10032,6552,5316,9020, 10102, 5601
51,5460,9787,10071,6600,5268,8991, 10082, 5620
50,5498,9796,10100,6629,5230,8942, 10034, 5611
49,5526,9825,10148,6687,5191,8913, 9995, 5591
48,5564,9853,10177,6716,5153,8884, 9966, 5591
47,5602,9872,10215,6745,5105,8846, 9917, 5573
46,5650,9882,10254,6755,5067,8826, 9869, 5554
45,5679,9891,10254,6765,5038,8807, 9850, 5544
44,5717,9910,10331,6735,5010,8797, 9811, 5516
43,5756,9910,10350,6716,4981,8787, 9791, 5497
42,5785,9910,10369,6687,4962,8797, 9772, 5497
41,5823,9901,10408,6677,4943,8816, 9753, 5497
40,5833,9882,10408,6600,4933,8846, 9762, 5506
39,5852,9853,10417,6610,4924,8865, 9753, 5516
38,5852,9815,10417,6600,4924,8894, 9782, 5535
37,5843,9777,10417,6571,4924,8923, 9791, 5554
36,5823,9730,10417,6542,4924,8952, 9811, 5563
35,5794,9701,10417,6513,4924,8991, 9830, 5591
34,5756,9663,10408,6474,4924,9020, 9850, 5611
33,5717,9625,10408,6445,4933,9068, 9879, 5630
32,5679,9597,10398,6397,4952,9107, 9917, 5659
31,5650,9568,10379,6358,4952,9146, 9927, 5687
30,5611,9549,10359,6319,4971,9165, 9937, 5716
29,5611,9540,10350,6300,4981,9194, 9966, 5735
28,5555,9511,10331,6261,4991,9213, 9985, 5764
27,5526,9502,10311,6261,5010,9243, 10005, 5793
26,5498,9492,10292,6251,5019,9262, 10024, 5822
25,5498,9483,10282,6242,5038,9281, 10044, 5850
24,5460,9464,10244,6213,5057,9310, 10044, 5889
23,5450,9454,10225,6184,5077,9330, 10063, 5898
22,5441,9436,10205,6145,5096,9349, 10092, 5918
21,5432,9427,10205,6125,5124,9359, 10102, 5937
20,5422,9397,10196,6106,5134,9378, 10102, 5956
19,5413,9388,10177,6087,5153,9378, 10102, 5985
18,5403,9378,10167,6067,5191,9407, 10111, 5994
17,5394,9339,10157,6058,5201,9427, 10131, 6014
16,5394,9320,10148,6048,5230,9454, 10141, 6033
15,5375,9310,10128,6038,5239,9464, 10160, 6052
14,5365,9281,10071,6019,5258,9473, 10160, 6071
13,5365,9262,10090,5990,5268,9502, 10179, 6090
12,5346,9233,10071,5970,5297,9521, 10179, 6119
11,5337,9213,10042,5922,5306,9559, 10189, 6138
10,5318,9184,10032,5893,5325,9587, 10189, 6177
9,5309,9146,10003,5845,5354,9616, 10208, 6205
8,5299,9126,9974,5825,5392,9654, 10228, 6225
7,5280,9097,9955,5787,5411,9682, 10228, 6273
6,5271,9068,9926,5757,5440,9711, 10247, 6301
5,5252,9039,9897,5738,5469,9739, 10247, 6321
4,5233,9010,9859,5719,5507,9787, 10276, 6359
3,5204,8971,9830,5680,5526,9806, 10315, 6407
2,5176,8942,9801,5661,5545,9815, 10335, 6436
1,5148,8904,9753,5641,5583,9853, 10393, 6474
0,5100,8875,9724,5622,5612,9872, 10422, 6532
99,5063,8826,9657,5593,5641,9901, 10461, 6560
98,5025,8787,9657,5573,5690,9910, 10500, 6608
97,4987,8768,9609,5564,5719,9910, 10548, 6628
96,4940,8720,9570,5555,5748,9920, 10577, 6675
95,4902,8720,9532,5545,5787,9958, 10606, 6714
94,4883,8720,9503,5536,5825,9967, 10655, 6723
93,4854,8720,9455,5526,5835,9977, 10674, 6714
92,4835,8749,9417,5526,5864,9977, 10694, 6695
91,4817,8787,9397,5526,5874,9977, 10723, 6675
90,4807,8816,9397,5536,5874,9967, 10713, 6656
89,4807,8836,9407,5555,5874,9958, 10723, 6628
88,4788,8865,9417,5583,5864,9920, 10723, 6608
87,4788,8884,9445,5603,5845,9910, 10703, 6560
86,4788,8884,9493,5612,5825,9891, 10703, 6541
85,4798,8923,9512,5632,5806,9853, 10713, 6503
84,4807,8942,9551,5661,5777,9844, 10723, 6464
83,4817,8981,9570,5690,5757,9815, 10703, 6445
82,4826,9020,9609,5719,5738,9787, 10694, 6407
81,4845,9068,9628,5738,5719,9758, 10684, 6388
80,4864,9097,9676,5767,5699,9739, 10674, 6349
79,4883,9117,9657,5806,5680,9720, 10655, 6311
78,4892,9155,9676,5845,5661,9692, 10635, 6282
77,4911,9165,9705,5874,5641,9663, 10616, 6273
76,4940,9184,9715,5903,5632,9644, 10587, 6234
75,4958,9204,9734,5922,5622,9606, 10577, 6225
74,4968,9233,9734,5961,5603,9587, 10548, 6205
73,4987,9252,9753,5990,5593,9568, 10538, 6157
72,4996,9262,9763,6019,5573,9540, 10538, 6138
71,5015,9291,9782,6038,5564,9511, 10500, 6138
70,5025,9310,9782,6058,5555,9492, 10509, 6119
69,5044,9330,9801,6087,5545,9473, 10480, 6090
68,5053,9359,9811,6106,5536,9445, 10461, 6071
67,5072,9378,9820,6125,5536,9427, 10461, 6062
66,5081,9397,9830,6145,5526,9407, 10432, 6042
65,5100,9417,9830,6154,5517,9378, 10422, 6023
64,5119,9436,9840,6184,5507,9359, 10403, 6004
63,5138,9464,9849,6193,5498,9330, 10393, 5985
62,5157,9492,9849,6242,5488,9310, 10383, 5946
61,5167,9521,9869,6251,5469,9281, 10344, 5927
60,5186,9540,9869,6271,5459,9262, 10335, 5898
59,5204,9578,9897,6309,5450,9233, 10325, 5860
58,5233,9616,9897,6338,5440,9204, 10296, 5831
57,5271,9654,9907,6368,5421,9184, 10267, 5802
56,5290,9673,9926,6406,5402,9155, 10238, 5774
55,5318,9701,9946,6455,5392,9136, 10199, 5745
54,5356,9720,9965,6484,5364,9097, 10170, 5716
53,5394,9739,9994,6513,5335,9068, 10121, 5687
52,5422,9777,10032,6552,5306,9039, 10092, 5649
51,5460,9787,10071,6600,5278,9010, 10063, 5630
50,5488,9806,10100,6629,5230,8971, 10034, 5611
49,5526,9825,10148,6677,5191,8942, 9985, 5601
48,5564,9853,10186,6706,5153,8904, 9956, 5582
47,5602,9872,10215,6735,5115,8865, 9927, 5563
46,5650,9891,10263,6755,5067,8836, 9879, 5563
45,5679,9901,10302,6755,5038,8816, 9840, 5535
44,5708,9910,10331,6735,5010,8797, 9820, 5516
43,5756,9910,10350,6716,4981,8807, 9791, 5506
42,5785,9910,10359,6697,4962,8797, 9772, 5506
41,5823,9901,10398,6677,4924,8826, 9753, 5497
40,5833,9882,10408,6639,4943,8836, 9753, 5506
39,5852,9853,10408,6629,4924,8865, 9772, 5516
38,5852,9806,10417,6610,4924,8894, 9782, 5535
37,5843,9777,10417,6571,4924,8913, 9801, 5554
36,5823,9730,10417,6532,4924,8952, 9811, 5573
35,5794,9701,10417,6503,4924,8991, 9830, 5591
34,5756,9663,10417,6474,4924,9020, 9869, 5601
33,5717,9625,10417,6426,4943,9068, 9869, 5630
32,5679,9606,10398,6397,4952,9097, 9917, 5659
31,5640,9568,10379,6358,4962,9136, 9927, 5687
30,5602,9549,10369,6319,4971,9165, 9947, 5716
29,5573,9530,10350,6290,4981,9194, 9966, 5745
28,5545,9521,10331,6261,5000,9213, 9995, 5764
27,5526,9502,10302,6251,5010,9243, 9995, 5793
26,5498,9492,10292,6213,5029,9262, 10034, 5822
25,5479,9473,10263,6242,5038,9281, 10044, 5850
24,5460,9464,10244,6222,5067,9301, 10044, 5879
23,5450,9445,10225,6164,5086,9320, 10063, 5889
22,5441,9436,10215,6145,5115,9330, 10092, 5918
21,5432,9417,10215,6116,5124,9349, 10102, 5927
20,5422,9397,10205,6106,5153,9368, 10102, 5946
19,5413,9388,10186,6096,5182,9378, 10111, 5966
18,5403,9359,10177,6077,5201,9397, 10121, 5985
17,5394,9339,10167,6058,5220,9417, 10131, 5994
16,5394,9320,10157,6048,5230,9436, 10141, 6014
15,5384,9301,10138,6048,5230,9464, 10160, 6042
14,5365,9272,10119,6009,5258,9473, 10170, 6052
13,5365,9252,10090,5990,5268,9502, 10170, 6081
12,5356,9223,10071,5961,5287,9530, 10179, 6100
11,5337,9194,10042,5922,5306,9568, 10189, 6129
10,5337,9175,10023,5883,5325,9597, 10199, 6148
9,5318,9146,10003,5854,5364,9625, 10218, 6177
8,5309,9117,9974,5825,5392,9654, 10218, 6215
7,5299,9088,9946,5796,5402,9682, 10228, 6234
6,5271,9068,9917,5757,5440,9711, 10247, 6273
5,5271,9030,9897,5738,5459,9749, 10257, 6311
4,5242,8991,9869,5719,5498,9777, 10286, 6340
3,5223,8962,9830,5680,5526,9806, 10315, 6368
2,5186,8933,9782,5661,5555,9815, 10335, 6407
1,5157,8884,9753,5632,5583,9872, 10383, 6445
0,5110,8846,9724,5622,5612,9872, 10432, 6493
99,5072,8816,9695,5593,5651,9901, 10470, 6532
98,5025,8778,9657,5573,5680,9910, 10500, 6570
97,4987,8739,9618,5564,5719,9910, 10538, 6618
96,4949,8710,9580,5555,5757,9920, 10577, 6656
95,4911,8710,9532,5536,5796,9948, 10616, 6685
94,4873,8710,9503,5526,5825,9967, 10664, 6695
93,4845,8720,9474,5517,5864,9967, 10684, 6695
92,4826,8749,9445,5526,5883,9967, 10703, 6685
91,4807,8778,9427,5517,5903,9967, 10713, 6666
90,4788,8816,9436,5526,5903,9967, 10713, 6656
89,4788,8836,9436,5536,5883,9958, 10723, 6618
88,4788,8865,9464,5555,5874,9929, 10713, 6580
87,4798,8884,9484,5583,5854,9910, 10713, 6560
86,4798,8894,9512,5603,5835,9891, 10713, 6541
85,4807,8923,9541,5622,5806,9863, 10713, 6503
84,4817,8952,9570,5641,5787,9844, 10713, 6426
83,4817,8981,9589,5670,5757,9815, 10713, 6445
82,4826,9020,9618,5709,5738,9787, 10703, 6407
81,4845,9068,9638,5728,5719,9749, 10694, 6378
80,4864,9097,9657,5748,5699,9730, 10684, 6349
79,4873,9126,9666,5777,5690,9711, 10664, 6321
78,4883,9146,9686,5806,5670,9682, 10635, 6292
77,4902,9175,9705,5845,5641,9654, 10626, 6273
76,4921,9184,9724,5883,5641,9635, 10606, 6244
75,4958,9213,9734,5912,5622,9597, 10577, 6215
74,4977,9233,9743,5932,5603,9568, 10548, 6186
73,4996,9243,9753,5970,5593,9549, 10529, 6157
72,5006,9262,9772,6000,5593,9521, 10509, 6148
71,5025,9281,9782,6029,5573,9492, 10500, 6129
70,5025,9310,9782,6038,5564,9473, 10500, 6109
69,5044,9330,9801,6077,5555,9454, 10470, 6100
68,5063,9349,9811,6096,5545,9417, 10461, 6071
67,5072,9388,9820,6125,5536,9397, 10451, 6052
66,5081,9397,9830,6135,5526,9378, 10432, 6042
65,5100,9417,9830,6154,5517,9359, 10422, 6033
64,5110,9436,9840,6174,5517,9330, 10412, 6004
63,5129,9464,9849,6193,5507,9310, 10393, 5985
62,5157,9483,9859,6242,5498,9281, 10373, 5956
61,5176,9521,9859,6251,5478,9262, 10335, 5927
60,5195,9540,9888,6280,5469,9243, 10325, 5889
59,5214,9578,9888,6309,5459,9204, 10315, 5870
58,5233,9616,9897,6338,5440,9194, 10296, 5831
57,5261,9644,9907,6368,5421,9165, 10267, 5802
56,5290,9673,9926,6406,5402,9136, 10228, 5774
55,5327,9701,9946,6455,5392,9097, 10208, 5745
54,5356,9730,9965,6484,5373,9068, 10179, 5716
53,5384,9739,9984,6513,5344,9049, 10141, 5687
52,5422,9768,10023,6552,5306,9010, 10102, 5659
51,5450,9787,10071,6600,5268,8991, 10073, 5620
50,5488,9806,10100,6639,5239,8942, 10034, 5601
49,5517,9825,10148,6677,5182,8913, 9995, 5601
48,5564,9844,10186,6706,5153,8875, 9956, 5582
47,5602,9872,10215,6735,5105,8846, 9927, 5563
46,5650,9882,10254,6755,5096,8826, 9879, 5544
45,5679,9891,10302,6755,5029,8797, 9850, 5535
44,5717,9910,10331,6735,5010,8797, 9830, 5506
43,5756,9910,10350,6706,4981,8787, 9801, 5497
42,5794,9901,10369,6697,4962,8797, 9782, 5497
41,5823,9901,10388,6677,4943,8816, 9782, 5497
40,5833,9882,10408,6648,4933,8846, 9782, 5497
39,5852,9853,10417,6619,4924,8865, 9782, 5506
38,5852,9815,10408,6600,4924,8894, 9791, 5516
37,5843,9777,10417,6571,4924,8913, 9801, 5544
36,5823,9720,10427,6522,4924,8952, 9820, 5563
35,5794,9673,10417,6493,4924,8991, 9840, 5573
34,5766,9663,10417,6464,4924,9020, 9859, 5601
33,5737,9616,10408,6426,4943,9068, 9869, 5611
32,5688,9587,10398,6406,4952,9107, 9908, 5649
31,5650,9568,10369,6368,4962,9136, 9927, 5659
30,5621,9540,10359,6329,4971,9175, 9937, 5697
29,5582,9521,10340,6309,4981,9194, 9956, 5726
28,5555,9502,10321,6271,5000,9223, 9985, 5755
27,5536,9492,10302,6261,5010,9243, 9995, 5783
26,5517,9483,10292,6251,5019,9272, 10024, 5812
25,5488,9464,10273,6222,5038,9291, 10044, 5841
24,5469,9464,10244,6213,5057,9310, 10053, 5870
23,5450,9454,10234,6174,5077,9330, 10053, 5889
22,5441,9436,10215,6154,5086,9349, 10092, 5898
21,5432,9427,10205,6125,5153,9368, 10092, 5927
20,5422,9407,10196,6106,5134,9378, 10102, 5946
19,5413,9388,10186,6087,5153,9388, 10111, 5966
18,5413,9378,10167,6058,5182,9407, 10111, 5985
17,5394,9349,10148,6048,5211,9436, 10131, 5994
16,5394,9330,10148,6038,5220,9454, 10141, 6023
15,5384,9301,10119,6029,5239,9473, 10160, 6033
14,5365,9281,10119,6009,5258,9483, 10170, 6052
13,5365,9262,10090,5990,5278,9502, 10179, 6071
12,5346,9233,10071,5970,5297,9521, 10179, 6090
11,5337,9213,10051,5922,5306,9559, 10189, 6119
10,5318,9184,10023,5883,5325,9578, 10199, 6148
9,5309,9155,9994,5854,5354,9606, 10218, 6167
8,5299,9126,9984,5825,5392,9644, 10228, 6205
7,5280,9097,9955,5787,5411,9682, 10228, 6225
6,5271,9068,9917,5757,5440,9711, 10247, 6273
5,5252,9039,9897,5748,5459,9739, 10257, 6301
4,5233,9010,9869,5719,5498,9768, 10286, 6321
3,5214,8981,9830,5690,5517,9806, 10315, 6368
2,5176,8942,9782,5661,5545,9815, 10335, 6407
1,5148,8904,9763,5641,5573,9853, 10383, 6445
0,5100,8865,9734,5622,5612,9882, 10422, 6493
99,5063,8826,9695,5593,5641,9901, 10461, 6541
98,4996,8797,9657,5583,5690,9901, 10500, 6580
97,4977,8758,9618,5564,5719,9910, 10548, 6618
96,4949,8720,9580,5555,5757,9929, 10577, 6637
95,4911,8710,9532,5545,5787,9958, 10616, 6675
94,4873,8720,9503,5536,5825,9967, 10655, 6695
93,4854,8729,9455,5526,5845,9967, 10674, 6695
92,4845,8749,9427,5517,5874,9977, 10694, 6685
91,4826,8787,9397,5526,5874,9977, 10713, 6647
90,4807,8816,9397,5536,5874,9967, 10713, 6637
89,4807,8836,9407,5555,5874,9958, 10723, 6608
88,4798,8855,9436,5573,5864,9920, 10723, 6599
87,4798,8884,9445,5593,5845,9910, 10723, 6560
86,4788,8884,9493,5612,5825,9901, 10703, 6541
85,4798,8923,9522,5632,5806,9863, 10713, 6503
84,4807,8952,9541,5661,5787,9844, 10723, 6474
83,4817,8991,9570,5690,5738,9815, 10703, 6436
82,4826,9020,9570,5709,5738,9787, 10684, 6407
81,4845,9059,9628,5738,5719,9768, 10684, 6378
80,4864,9088,9647,5767,5699,9739, 10674, 6349
79,4873,9126,9657,5806,5690,9711, 10655, 6311
78,4902,9136,9686,5835,5661,9692, 10635, 6292
77,4911,9165,9695,5864,5641,9663, 10616, 6273
76,4930,9184,9715,5903,5632,9644, 10587, 6234
75,4958,9204,9734,5922,5622,9606, 10567, 6215
74,4968,9233,9743,5961,5603,9587, 10548, 6186
73,4987,9243,9753,5990,5593,9568, 10538, 6148
72,4996,9272,9772,6019,5583,9530, 10519, 6129
71,5015,9291,9782,6038,5564,9511, 10509, 6119
70,5025,9310,9782,6058,5555,9492, 10500, 6119
69,5044,9330,9801,6087,5545,9464, 10480, 6100
68,5063,9359,9811,6106,5536,9445, 10461, 6081
67,5063,9388,9820,6135,5536,9427, 10461, 6071
66,5081,9397,9830,6135,5526,9388, 10432, 6052
65,5100,9417,9830,6154,5517,9378, 10422, 6023
64,5119,9436,9840,6174,5507,9359, 10412, 6004
63,5129,9464,9849,6193,5498,9330, 10373, 5994
62,5157,9483,9859,6242,5488,9310, 10383, 5956
61,5176,9511,9878,6251,5469,9281, 10344, 5918
60,5195,9540,9878,6280,5459,9252, 10335, 5898
59,5214,9578,9888,6309,5450,9233, 10325, 5870
58,5233,9616,9897,6338,5440,9204, 10296, 5831
57,5271,9644,9907,6368,5421,9175, 10257, 5802
56,5299,9673,9917,6406,5402,9155, 10218, 5774
55,5318,9701,9955,6445,5402,9126, 10189, 5745
54,5356,9720,9965,6484,5383,9088, 10170, 5716
53,5384,9739,9984,6513,5354,9068, 10131, 5687
52,5422,9777,10032,6542,5306,9039, 10111, 5649
51,5450,9796,10071,6590,5278,8991, 10063, 5620
50,5488,9796,10100,6629,5230,8962, 10034, 5601
49,5526,9834,10157,6677,5182,8933, 9995, 5591
48,5564,9844,10186,6697,5153,8884, 9956, 5582
47,5602,9872,10215,6735,5115,8855, 9927, 5563
46,5650,9891,10273,6755,5067,8826, 9888, 5554
45,5679,9891,10292,6755,5038,8816, 9859, 5535
44,5708,9910,10331,6726,5010,8807, 9820, 5516
43,5804,9920,10350,6706,4991,8797, 9811, 5506
42,5785,9910,10359,6697,4962,8807, 9791, 5497
41,5823,9901,10388,6677,4943,8826, 9782, 5506
40,5833,9882,10408,6648,4933,8846, 9782, 5497
39,5843,9844,10417,6619,4924,8865, 9782, 5516
38,5852,9806,10417,6600,4924,8894, 9791, 5525
37,5843,9777,10417,6561,4924,8923, 9811, 5544
36,5823,9730,10417,6532,4924,8942, 9820, 5563
35,5794,9701,10417,6503,4924,8991, 9840, 5582
34,5766,9663,10417,6464,4924,9010, 9869, 5611
33,5717,9625,10408,6426,4943,9059, 9879, 5620
32,5688,9597,10398,6397,4952,9097, 9917, 5649
31,5650,9568,10369,6358,4952,9136, 9927, 5668
30,5611,9540,10359,6309,4981,9165, 9937, 5707
29,5573,9521,10350,6290,4981,9204, 9966, 5735
28,5555,9511,10321,6261,5000,9213, 9995, 5764
27,5526,9502,10302,6251,5019,9243, 10005, 5793
26,5498,9492,10282,6251,5019,9272, 10024, 5822
25,5479,9483,10273,6242,5038,9291, 10044, 5850
24,5460,9464,10244,6213,5067,9310, 10044, 5879
23,5450,9445,10225,6174,5086,9330, 10053, 5889
22,5441,9436,10215,6135,5096,9339, 10092, 5908
21,5432,9427,10205,6116,5124,9359, 10102, 5927
20,5422,9397,10205,6106,5144,9378, 10102, 5946
19,5413,9388,10196,6096,5163,9378, 10102, 5956
18,5403,9368,10177,6077,5191,9397, 10121, 5985
17,5394,9339,10167,6067,5211,9417, 10131, 5994
16,5394,9320,10157,6058,5230,9436, 10141, 6014
15,5384,9301,10138,6038,5239,9454, 10160, 6033
14,5365,9281,10109,6009,5258,9473, 10170, 6052
13,5365,9252,10080,5990,5278,9502, 10179, 6071
12,5356,9223,10071,5970,5287,9521, 10179, 6090
11,5337,9204,10032,5922,5306,9578, 10189, 6129
10,5327,9175,10013,5893,5335,9597, 10189, 6148
9,5318,9146,9994,5854,5364,9616, 10218, 6177
8,5309,9117,9974,5825,5383,9654, 10228, 6205
7,5290,9097,9955,5787,5411,9673, 10228, 6234
6,5280,9068,9917,5757,5440,9711, 10247, 6273
5,5271,9039,9897,5738,5469,9749, 10257, 6301
4,5233,9000,9869,5680,5498,9768, 10286, 6321
3,5214,8962,9820,5680,5526,9806, 10315, 6368
2,5176,8933,9792,5661,5555,9815, 10344, 6407
1,5157,8894,9763,5641,5583,9844, 10393, 6436
0,5100,8855,9724,5622,5612,9872, 10432, 6493
99,5063,8816,9686,5593,5641,9901, 10470, 6532
98,5025,8787,9657,5583,5690,9910, 10500, 6560
97,4987,8749,9618,5573,5719,9910, 10548, 6608
96,4949,8720,9570,5564,5757,9920, 10577, 6647
95,4911,8710,9522,5545,5796,9958, 10606, 6666
94,4883,8710,9503,5526,5825,9967, 10645, 6695
93,4854,8720,9464,5517,5854,9967, 10674, 6695
92,4835,8749,9436,5517,5874,9977, 10694, 6685
91,4817,8778,9417,5517,5883,9977, 10713, 6666
90,4807,8807,9417,5526,5883,9967, 10713, 6647
89,4798,8836,9427,5545,5883,9958, 10723, 6618
88,4788,8865,9455,5564,5874,9920, 10703, 6580
87,4788,8875,9484,5583,5854,9901, 10713, 6560
86,4798,8884,9503,5612,5825,9891, 10723, 6541
85,4798,8923,9532,5622,5806,9863, 10713, 6512
84,4807,8942,9561,5641,5777,9844, 10723, 6474
83,4817,8991,9589,5680,5757,9815, 10703, 6445
82,4826,9030,9618,5709,5738,9796, 10694, 6407
81,4845,9059,9638,5728,5728,9758, 10694, 6378
80,4854,9097,9657,5757,5699,9730, 10674, 6349
79,4883,9126,9666,5787,5690,9711, 10664, 6321
78,4892,9146,9676,5816,5670,9682, 10635, 6292
77,4911,9165,9695,5845,5651,9654, 10616, 6273
76,4940,9184,9715,5893,5641,9644, 10597, 6244
75,4958,9204,9734,5912,5622,9606, 10587, 6205
74,4977,9223,9743,5961,5603,9578, 10548, 6186
73,4987,9243,9753,5980,5593,9559, 10529, 6157
72,4996,9272,9763,6009,5583,9521, 10519, 6129
71,5015,9281,9782,6029,5573,9511, 10500, 6119
70,5025,9310,9782,6048,5564,9473, 10500, 6109
69,5044,9330,9801,6087,5545,9464, 10480, 6109
68,5053,9359,9811,6096,5536,9436, 10461, 6081
67,5072,9388,9820,6125,5536,9407, 10451, 6071
66,5081,9397,9830,6145,5526,9388, 10432, 6052
65,5100,9417,9830,6154,5517,9368, 10422, 6023
64,5119,9436,9840,6184,5517,9339, 10412, 6014
63,5129,9454,9849,6193,5507,9320, 10393, 5985
62,5157,9483,9869,6232,5488,9291, 10383, 5956
61,5167,9511,9878,6251,5469,9272, 10335, 5918
60,5186,9540,9888,6271,5459,9243, 10325, 5889
59,5214,9578,9897,6309,5459,9204, 10325, 5860
58,5233,9616,9897,6338,5440,9194, 10276, 5831
57,5261,9644,9907,6368,5431,9165, 10257, 5802
56,5299,9673,9926,6406,5402,9136, 10238, 5764
55,5318,9711,9946,6455,5392,9097, 10208, 5745
54,5356,9806,9965,6474,5383,9078, 10170, 5726
53,5384,9739,9994,6513,5335,9049, 10131, 5687
52,5422,9768,10032,6542,5306,9010, 10102, 5649
51,5450,9787,10071,6590,5268,8991, 10063, 5620
50,5488,9806,10100,6629,5230,8942, 10034, 5611
49,5536,9825,10148,6677,5182,8913, 10005, 5601
48,5564,9844,10186,6697,5153,8884, 9956, 5582
47,5602,9872,10215,6735,5105,8846, 9927, 5563
46,5650,9891,10254,6755,5067,8816, 9879, 5554
45,5679,9891,10292,6755,5038,8807, 9850, 5535
44,5717,9901,10331,6735,5010,8797, 9820, 5516
43,5756,9910,10359,6716,4991,8787, 9811, 5506
42,5794,9910,10369,6697,4962,8797, 9791, 5497
41,5823,9901,10398,6677,4952,8816, 9791, 5487
40,5833,9882,10408,6648,4943,8836, 9782, 5497
39,5852,9853,10417,6619,4924,8865, 9782, 5506
38,5852,9815,10417,6600,4924,8894, 9791, 5525
37,5843,9777,10417,6571,4924,8913, 9820, 5544
36,5823,9730,10427,6532,4924,8942, 9820, 5563
35,5794,9692,10417,6503,4924,8991, 9850, 5582
34,5775,9654,10408,6464,4924,9010, 9859, 5601
33,5717,9616,10408,6426,4933,9059, 9888, 5611
32,5688,9597,10388,6397,4952,9097, 9917, 5649
31,5660,9568,10369,6368,4962,9136, 9927, 5668
30,5621,9540,10350,6319,4971,9175, 9947, 5697
29,5582,9521,10350,6300,4981,9194, 9966, 5735
28,5555,9511,10331,6271,5000,9233, 9985, 5755
27,5536,9492,10302,6261,5010,9252, 10005, 5783
26,5507,9483,10282,6251,5019,9272, 10024, 5812
25,5479,9473,10273,6222,5038,9291, 10044, 5841
24,5469,9464,10244,6213,5057,9310, 10034, 5870
23,5450,9454,10225,6174,5077,9330, 10063, 5889
22,5441,9436,10215,6135,5096,9349, 10092, 5898
21,5432,9427,10205,6116,5115,9368, 10092, 5927
20,5422,9407,10196,6096,5134,9378, 10102, 5946
19,5413,9388,10186,6087,5153,9378, 10102, 5956
18,5403,9378,10177,6058,5182,9407, 10111, 5985
17,5394,9339,10157,6058,5201,9427, 10131, 5994
16,5394,9330,10157,6048,5230,9454, 10141, 6014
15,5384,9301,10138,6038,5239,9464, 10160, 6033
14,5365,9281,10119,6019,5258,9492, 10170, 6052
13,5365,9262,10090,5990,5278,9502, 10179, 6062
12,5356,9233,10071,5970,5297,9521, 10179, 6090
11,5337,9204,10042,5922,5306,9559, 10189, 6119
10,5318,9184,10013,5893,5325,9578, 10199, 6138
9,5309,9155,9984,5854,5364,9606, 10218, 6167
8,5299,9117,9974,5825,5383,9654, 10228, 6196
7,5280,9097,9955,5787,5411,9682, 10228, 6225
6,5271,9068,9917,5757,5440,9711, 10247, 6253
5,5261,9039,9897,5738,5469,9749, 10257, 6301
4,5233,9000,9869,5719,5507,9768, 10286, 6321
3,5214,8971,9840,5680,5526,9806, 10315, 6359
2,5176,8942,9792,5670,5545,9815, 10335, 6397
1,5148,8904,9763,5641,5583,9844, 10393, 6436
0,5110,8865,9724,5622,5612,9872, 10432, 6484
99,5063,8816,9695,5593,5641,9901, 10461, 6522
98,5025,8787,9647,5583,5690,9910, 10500, 6560
97,4987,8758,9609,5564,5719,9910, 10538, 6608
96,4940,8720,9570,5555,5748,9920, 10577, 6628
95,4911,8710,9541,5545,5787,9958, 10606, 6666
94,4883,8720,9493,5536,5825,9967, 10664, 6685
93,4854,8720,9464,5526,5845,9967, 10674, 6695
92,4835,8749,9436,5526,5874,9977, 10694, 6675
91,4817,8787,9407,5526,5883,9977, 10713, 6666
90,4807,8807,9407,5536,5883,9967, 10723, 6656
89,4798,8836,9407,5555,5874,9958, 10732, 6618
88,4798,8865,9436,5564,5874,9929, 10732, 6589
87,4788,8875,9464,5593,5845,9910, 10732, 6551
86,4798,8884,9503,5612,5825,9891, 10713, 6541
85,4798,8933,9522,5632,5796,9863, 10713, 6503
84,4807,8952,9561,5661,5787,9844, 10713, 6474
83,4817,8981,9580,5690,5767,9815, 10703, 6445
82,4826,9020,9609,5709,5738,9796, 10684, 6407
81,4845,9059,9628,5738,5719,9768, 10694, 6378
80,4854,9097,9647,5757,5709,9749, 10684, 6349
79,4883,9126,9657,5796,5690,9711, 10664, 6321
78,4902,9136,9686,5825,5670,9692, 10645, 6282
77,4911,9165,9705,5854,5651,9663, 10606, 6273
76,4940,9184,9724,5893,5632,9635, 10597, 6244
75,4958,9204,9734,5912,5622,9597, 10577, 6205
74,4968,9233,9743,5961,5603,9587, 10538, 6196
73,4987,9252,9753,5990,5593,9568, 10529, 6157
72,5006,9272,9763,6009,5583,9530, 10509, 6138
71,5015,9291,9782,6038,5573,9502, 10500, 6129
70,5025,9320,9782,6048,5555,9483, 10509, 6119
69,5044,9330,9801,6087,5545,9464, 10480, 6109
68,5063,9359,9811,6096,5536,9436, 10470, 6081
67,5072,9388,9820,6125,5536,9417, 10451, 6062
66,5081,9397,9830,6145,5526,9388, 10432, 6042
65,5100,9417,9840,6154,5517,9368, 10422, 6023
64,5119,9436,9840,6184,5507,9339, 10393, 6004
63,5129,9464,9849,6193,5507,9310, 10383, 5994
62,5157,9483,9859,6232,5488,9301, 10383, 5956
61,5167,9511,9869,6261,5478,9272, 10354, 5918
60,5186,9540,9888,6271,5469,9243, 10335, 5889
59,5214,9578,9897,6309,5450,9223, 10325, 5870
58,5233,9616,9907,6338,5440,9194, 10286, 5831
57,5261,9644,9907,6368,5431,9165, 10257, 5802
56,5299,9673,9926,6406,5402,9146, 10228, 5774
55,5318,9701,9955,6455,5392,9117, 10218, 5745
54,5356,9720,9965,6474,5383,9078, 10170, 5726
53,5384,9749,9984,6513,5344,9059, 10131, 5687
52,5422,9777,10032,6552,5306,9010, 10102, 5649
51,5450,9787,10061,6581,5278,8991, 10053, 5620
50,5488,9806,10100,6629,5239,8952, 10034, 5611
49,5526,9825,10148,6677,5191,8913, 9995, 5591
48,5564,9853,10186,6697,5144,8875, 9956, 5591
47,5611,9872,10225,6735,5105,8846, 9917, 5563
46,5650,9882,10254,6755,5067,8816, 9879, 5554
45,5679,9891,10302,6755,5038,8807, 9850, 5535
44,5717,9910,10331,6735,5010,8797, 9820, 5516
43,5756,9910,10359,6716,4981,8787, 9801, 5506
42,5794,9910,10359,6697,4971,8797, 9782, 5497
41,5823,9891,10398,6677,4952,8816, 9782, 5497
40,5833,9882,10408,6639,4943,8836, 9782, 5506
39,5852,9853,10417,6619,4924,8865, 9782, 5516
38,5852,9806,10417,6600,4924,8894, 9791, 5535
37,5843,9777,10417,6571,4924,8923, 9811, 5554
36,5823,9730,10417,6532,4924,8942, 9820, 5563
35,5785,9701,10417,6503,4924,8991, 9830, 5582
34,5756,9663,10417,6464,4924,9020, 9869, 5601
33,5717,9625,10408,6435,4943,9068, 9869, 5620
32,5679,9597,10398,6397,4943,9097, 9917, 5649
31,5650,9568,10379,6348,4962,9136, 9937, 5668
30,5611,9549,10359,6309,4971,9165, 9947, 5707
29,5573,9530,10340,6290,4991,9194, 9976, 5735
28,5555,9511,10331,6261,5000,9223, 9985, 5755
27,5526,9502,10292,6251,5010,9243, 10005, 5793
26,5498,9492,10282,6242,5019,9262, 10024, 5822
25,5479,9483,10273,6242,5038,9291, 10044, 5850
24,5469,9464,10254,6213,5057,9310, 10044, 5870
23,5450,9454,10234,6174,5086,9330, 10063, 5889
22,5441,9445,10215,6145,5096,9339, 10092, 5898
21,5432,9427,10215,6116,5124,9359, 10102, 5927
20,5422,9397,10196,6106,5144,9368, 10102, 5946
19,5413,9407,10186,6096,5163,9378, 10111, 5956
18,5403,9368,10177,6067,5191,9397, 10121, 5985
17,5403,9349,10157,6058,5211,9427, 10131, 5994
16,5394,9320,10148,6048,5230,9445, 10141, 6014
15,5384,9301,10128,6038,5239,9464, 10170, 6033
14,5365,9281,10128,6019,5258,9473, 10170, 6052
13,5365,9262,10090,5990,5268,9502, 10170, 6071
12,5356,9233,10071,5970,5297,9521, 10179, 6090
11,5337,9204,10042,5922,5306,9559, 10179, 6119
10,5327,9175,10013,5883,5325,9587, 10189, 6148
9,5318,9146,9994,5854,5354,9616, 10218, 6177
8,5309,9117,9974,5825,5383,9654, 10218, 6205
7,5290,9097,9955,5796,5411,9673, 10238, 6234
6,5280,9068,9926,5757,5440,9720, 10247, 6273
5,5261,9039,9897,5728,5469,9758, 10267, 6301
4,5233,9000,9869,5719,5498,9777, 10286, 6321
3,5214,8971,9840,5690,5526,9806, 10315, 6368
2,5176,8933,9801,5661,5545,9825, 10335, 6407
1,5148,8894,9753,5632,5583,9853, 10373, 6436
0,5110,8855,9724,5622,5612,9872, 10432, 6484
99,5063,8816,9695,5593,5641,9901, 10470, 6532
98,5025,8797,9657,5583,5690,9910, 10500, 6560
97,4987,8758,9609,5564,5719,9910, 10538, 6608
96,4940,8720,9570,5555,5757,9920, 10577, 6647
95,4902,8710,9532,5536,5787,9958, 10616, 6666
94,4883,8710,9493,5526,5825,9967, 10655, 6685
93,4854,8720,9464,5526,5854,9977, 10664, 6685
92,4835,8739,9436,5517,5874,9967, 10694, 6685
91,4817,8787,9417,5517,5883,9977, 10713, 6656
90,4807,8807,9417,5526,5883,9967, 10713, 6647
89,4798,8836,9427,5545,5874,9958, 10723, 6618
88,4788,8865,9436,5564,5874,9929, 10723, 6608
87,4788,8884,9464,5583,5854,9910, 10713, 6560
86,4798,8884,9503,5603,5825,9891, 10723, 6541
85,4798,8933,9561,5622,5796,9863, 10703, 6512
84,4807,8942,9561,5641,5787,9844, 10703, 6474
83,4817,8981,9580,5670,5757,9806, 10713, 6436
82,4826,9020,9609,5709,5738,9796, 10684, 6416
81,4845,9059,9628,5728,5719,9768, 10684, 6378
80,4854,9097,9647,5748,5699,9739, 10674, 6349
79,4873,9117,9657,5787,5690,9711, 10664, 6321
78,4892,9136,9686,5816,5661,9692, 10655, 6292
77,4911,9155,9695,5845,5651,9663, 10616, 6273
76,4940,9184,9715,5893,5632,9635, 10606, 6234
75,4958,9204,9734,5912,5622,9606, 10577, 6205
74,4968,9223,9743,5961,5603,9578, 10548, 6177
73,4996,9252,9763,5980,5593,9559, 10529, 6148
72,4996,9262,9772,6009,5583,9530, 10519, 6138
71,5015,9291,9782,6029,5573,9511, 10509, 6129
70,5034,9310,9782,6048,5564,9483, 10509, 6119
69,5044,9330,9792,6077,5545,9464, 10470, 6100
68,5053,9359,9811,6096,5545,9445, 10461, 6081
67,5072,9378,9820,6135,5536,9417, 10461, 6062
66,5081,9397,9830,6135,5526,9388, 10441, 6042
65,5100,9417,9840,6154,5517,9378, 10412, 6023
64,5119,9436,9840,6184,5517,9339, 10393, 6004
63,5129,9464,9849,6193,5507,9320, 10393, 5985
62,5148,9483,9869,6232,5488,9301, 10373, 5946
61,5167,9511,9878,6251,5469,9272, 10354, 5927
60,5186,9540,9888,6271,5459,9243, 10325, 5898
59,5204,9578,9897,6309,5459,9223, 10325, 5860
58,5233,9625,9907,6338,5440,9194, 10286, 5831
57,5261,9654,9907,6368,5431,9175, 10267, 5802
56,5299,9682,9926,6406,5402,9146, 10228, 5774
55,5318,9701,9955,6455,5392,9117, 10208, 5745
54,5356,9730,10023,6474,5373,9078, 10170, 5707
53,5394,9739,9994,6513,5344,9059, 10141, 5678
52,5422,9768,10032,6552,5316,9020, 10102, 5649
51,5450,9796,10071,6590,5268,8991, 10073, 5620
50,5488,9806,10109,6629,5230,8952, 10034, 5611
49,5526,9834,10148,6677,5191,8913, 10005, 5601
48,5564,9853,10186,6697,5153,8884, 9947, 5582
47,5602,9872,10215,6735,5105,8855, 9927, 5573
46,5650,9882,10263,6755,5067,8826, 9879, 5544
45,5679,9891,10302,6755,5038,8807, 9850, 5535
44,5717,9910,10321,6735,5010,8797, 9820, 5516
43,5756,9910,10350,6716,4981,8787, 9811, 5506
42,5794,9910,10350,6697,4962,8797, 9791, 5497
41,5823,9891,10398,6677,4943,8826, 9782, 5506
40,5833,9882,10408,6629,4933,8836, 9782, 5497
39,5852,9853,10417,6619,4924,8865, 9782, 5516
38,5852,9806,10417,6610,4924,8884, 9791, 5535
37,5843,9777,10417,6571,4924,8933, 9811, 5544
36,5823,9730,10417,6532,4924,8942, 9820, 5563
35,5794,9692,10408,6503,4924,8991, 9850, 5582
34,5766,9663,10408,6474,4924,9020, 9869, 5601
33,5717,9625,10408,6435,4943,9059, 9869, 5611
32,5688,9597,10398,6397,4952,9088, 9927, 5639
31,5660,9568,10379,6358,4962,9136, 9927, 5668
30,5621,9530,10359,6319,4971,9165, 9937, 5697
29,5582,9521,10350,6290,4991,9194, 9976, 5726
28,5555,9511,10331,6271,5000,9223, 9995, 5755
27,5536,9492,10302,6251,5010,9243, 10005, 5783
26,5507,9483,10292,6242,5019,9272, 10034, 5812
25,5488,9473,10263,6242,5038,9291, 10044, 5831
24,5469,9464,10234,6222,5057,9310, 10044, 5860
23,5450,9445,10225,6174,5086,9330, 10063, 5889
22,5441,9436,10215,6145,5096,9339, 10092, 5898
21,5432,9417,10205,6116,5124,9359, 10102, 5918
20,5422,9407,10196,6096,5134,9368, 10102, 5937
19,5413,9388,10186,6087,5163,9378, 10111, 5946
18,5413,9368,10177,6067,5191,9388, 10111, 5975
17,5394,9349,10167,6058,5211,9427, 10131, 5985
16,5394,9320,10148,6048,5220,9445, 10150, 6004
15,5384,9301,10128,6038,5239,9464, 10160, 6023
14,5365,9281,10119,6019,5258,9483, 10170, 6042
13,5365,9262,10090,5990,5278,9502, 10179, 6062
12,5346,9233,10071,5970,5287,9521, 10179, 6081
11,5337,9204,10042,5922,5306,9559, 10189, 6119
10,5327,9175,10023,5883,5325,9587, 10189, 6138
9,5309,9146,9994,5854,5354,9616, 10218, 6157
8,5309,9117,9974,5825,5392,9654, 10228, 6186
7,5290,9097,9955,5787,5421,9692, 10228, 6225
6,5280,9068,9926,5748,5440,9711, 10247, 6253
5,5261,9039,9888,5738,5459,9758, 10257, 6292
4,5233,9000,9869,5719,5498,9777, 10286, 6311
3,5214,8962,9830,5680,5526,9806, 10315, 6349
2,5186,8942,9782,5661,5555,9825, 10335, 6388
1,5148,8894,9763,5641,5573,9863, 10393, 6426
0,5100,8855,9724,5612,5622,9872, 10422, 6474
99,5063,8826,9695,5583,5651,9901, 10461, 6512
98,5025,8787,9657,5583,5690,9910, 10509, 6551
97,4987,8749,9618,5564,5719,9910, 10548, 6589
96,4940,8720,9570,5555,5757,9920, 10587, 6628
95,4911,8710,9532,5545,5796,9948, 10616, 6666
94,4873,8710,9503,5526,5825,9967, 10655, 6685
93,4854,8720,9464,5517,5854,9967, 10674, 6685
92,4826,8739,9436,5517,5874,9967, 10694, 6675
91,4807,8787,9417,5517,5883,9977, 10713, 6656
90,4807,8807,9417,5526,5883,9967, 10713, 6647
89,4798,8836,9427,5545,5883,9948, 10723, 6618
88,4788,8855,9455,5564,5874,9929, 10713, 6599
87,4788,8875,9474,5583,5845,9910, 10723, 6560
86,4798,8884,9503,5603,5835,9891, 10723, 6541
85,4807,8913,9532,5622,5806,9863, 10713, 6503
84,4807,8942,9561,5641,5777,9844, 10713, 6474
83,4817,8991,9589,5680,5767,9806, 10713, 6436
82,4826,9030,9609,5699,5738,9787, 10694, 6407
81,4845,9068,9638,5728,5719,9758, 10694, 6378
80,4854,9107,9657,5748,5709,9739, 10674, 6340
79,4873,9126,9657,5787,5690,9711, 10655, 6311
78,4892,9146,9686,5806,5661,9692, 10645, 6282
77,4911,9165,9695,5845,5651,9663, 10616, 6273
76,4940,9184,9715,5883,5641,9635, 10606, 6234
75,4958,9204,9734,5912,5622,9597, 10577, 6215
74,4968,9223,9743,5941,5603,9578, 10548, 6196
73,4996,9243,9753,5980,5593,9559, 10529, 6157
72,4996,9272,9772,6000,5583,9521, 10509, 6138
71,5015,9281,9782,6029,5573,9502, 10500, 6129
70,5025,9310,9782,6038,5564,9483, 10500, 6119
69,5044,9320,9801,6077,5545,9464, 10470, 6109
68,5053,9349,9811,6087,5545,9436, 10461, 6090
67,5063,9378,9811,6125,5536,9417, 10451, 6062
66,5081,9388,9830,6135,5526,9378, 10441, 6042
65,5100,9417,9840,6154,5526,9368, 10432, 6023
64,5119,9436,9840,6174,5507,9339, 10393, 6004
63,5129,9464,9849,6193,5507,9310, 10383, 5985
62,5157,9492,9859,6232,5488,9301, 10364, 5946
61,5167,9511,9878,6251,5478,9262, 10335, 5927
60,5195,9540,9888,6271,5459,9243, 10325, 5898
59,5214,9578,9897,6309,5450,9213, 10315, 5860
58,5233,9616,9907,6338,5440,9194, 10276, 5831
57,5271,9654,9917,6358,5421,9165, 10257, 5802
56,5290,9673,9936,6397,5402,9146, 10238, 5774
55,5327,9701,9955,6445,5392,9107, 10189, 5745
54,5356,9720,9965,6474,5383,9078, 10170, 5707
53,5384,9739,9994,6513,5335,9059, 10141, 5678
52,5422,9768,10032,6542,5316,9010, 10111, 5649
51,5450,9787,10071,6590,5268,8991, 10073, 5620
50,5488,9796,10100,6629,5239,8942, 10034, 5611
49,5526,9834,10148,6677,5182,8913, 9995, 5591
48,5564,9853,10186,6697,5144,8875, 9956, 5591
47,5602,9872,10215,6735,5105,8865, 9917, 5573
46,5650,9882,10263,6755,5077,8826, 9879, 5554
45,5669,9901,10292,6755,5029,8807, 9840, 5535
44,5717,9910,10321,6735,5010,8797, 9820, 5516
43,5756,9910,10359,6716,4991,8787, 9801, 5506
42,5785,9910,10369,6697,4971,8797, 9791, 5497
41,5823,9901,10398,6677,4952,8816, 9791, 5497
40,5833,9882,10408,6639,4933,8836, 9782, 5497
39,5852,9853,10417,6619,4924,8865, 9791, 5506
38,5862,9815,10417,6600,4924,8894, 9791, 5525
37,5843,9768,10417,6571,4924,8923, 9801, 5544
36,5823,9720,10417,6532,4924,8933, 9820, 5563
35,5794,9682,10417,6503,4924,8991, 9830, 5573
34,5766,9654,10408,6474,4924,9020, 9869, 5591
33,5727,9616,10408,6435,4943,9059, 9879, 5611
32,5688,9597,10408,6397,4952,9097, 9917, 5649
31,5650,9568,10379,6358,4952,9136, 9927, 5668
30,5621,9530,10359,6329,4981,9165, 9937, 5687
29,5592,9521,10350,6300,4991,9194, 9966, 5735
28,5555,9511,10331,6261,5000,9213, 9985, 5755
27,5526,9492,10302,6261,5010,9243, 10005, 5783
26,5507,9483,10282,6242,5029,9272, 10024, 5802
25,5488,9473,10282,6242,5038,9291, 10044, 5841
24,5469,9464,10254,6213,5057,9301, 10044, 5860
23,5450,9454,10225,6174,5077,9330, 10063, 5889
22,5441,9436,10215,6135,5096,9349, 10092, 5898
21,5432,9417,10215,6116,5115,9368, 10102, 5918
20,5422,9407,10196,6106,5134,9368, 10102, 5937
19,5413,9388,10186,6087,5163,9388, 10111, 5956
18,5403,9368,10177,6058,5182,9397, 10111, 5975
17,5394,9349,10157,6058,5211,9436, 10131, 5985
16,5394,9320,10157,6048,5230,9454, 10141, 6004
15,5384,9301,10138,6038,5239,9473, 10160, 6023
14,5365,9281,10119,6019,5258,9473, 10170, 6042
13,5365,9252,10090,5990,5268,9502, 10179, 6062
12,5346,9233,10071,5970,5297,9521, 10179, 6081
11,5337,9204,10042,5922,5316,9559, 10189, 6109
10,5327,9184,10023,5893,5325,9578, 10189, 6138
9,5309,9155,9984,5845,5354,9616, 10218, 6157
8,5309,9117,9974,5825,5392,9654, 10228, 6186
7,5290,9097,9946,5787,5411,9682, 10238, 6225
6,5280,9068,9926,5757,5440,9720, 10247, 6244
5,5261,9039,9897,5738,5469,9749, 10257, 6292
4,5233,9010,9869,5719,5498,9768, 10286, 6311
3,5214,8981,9840,5680,5526,9806, 10325, 6349
2,5176,8942,9792,5661,5545,9825, 10325, 6378
1,5148,8904,9763,5641,5583,9844, 10393, 6426
0,5110,8865,9734,5612,5622,9872, 10422, 6464
99,5063,8826,9695,5593,5641,9901, 10461, 6503
98,5025,8787,9657,5583,5690,9910, 10500, 6551
97,4987,8758,9618,5564,5728,9910, 10538, 6599
96,4949,8720,9570,5545,5748,9920, 10577, 6618
95,4911,8710,9532,5545,5796,9958, 10606, 6656
94,4883,8720,9503,5526,5825,9967, 10655, 6685
93,4854,8720,9464,5526,5845,9967, 10664, 6685
92,4835,8739,9427,5526,5874,9977, 10694, 6675
91,4817,8787,9417,5526,5874,9967, 10713, 6656
90,4807,8807,9417,5536,5874,9967, 10723, 6656
89,4798,8836,9417,5545,5874,9958, 10732, 6608
88,4788,8865,9436,5564,5874,9929, 10732, 6589
87,4788,8875,9464,5593,5854,9910, 10723, 6560
86,4788,8884,9493,5603,5825,9891, 10723, 6541
85,4798,8923,9532,5632,5806,9863, 10713, 6493
84,4807,8952,9561,5641,5787,9844, 10713, 6474
83,4826,8981,9589,5680,5757,9815, 10713, 6445
82,4817,9030,9609,5709,5738,9806, 10694, 6407
81,4845,9059,9628,5728,5728,9768, 10694, 6388
80,4864,9097,9647,5757,5709,9739, 10674, 6349
79,4873,9117,9657,5787,5690,9720, 10664, 6321
78,4892,9146,9676,5816,5670,9701, 10645, 6292
77,4911,9165,9695,5854,5651,9654, 10616, 6273
76,4940,9184,9715,5893,5641,9644, 10606, 6234
75,4958,9204,9734,5912,5622,9616, 10567, 6205
74,4968,9223,9743,5961,5603,9578, 10548, 6186
73,4987,9252,9753,5980,5593,9568, 10538, 6157
72,4996,9262,9763,6009,5583,9530, 10509, 6138
71,5015,9291,9782,6029,5573,9502, 10509, 6129
70,5025,9320,9782,6048,5564,9483, 10500, 6119
69,5044,9330,9801,6087,5545,9473, 10480, 6100
68,5063,9349,9801,6106,5545,9445, 10461, 6071
67,5072,9378,9820,6125,5536,9417, 10451, 6062
66,5081,9388,9830,6145,5526,9388, 10432, 6052
65,5100,9417,9840,6154,5517,9378, 10422, 6023
64,5119,9436,9840,6184,5517,9339, 10393, 6004
63,5129,9464,9849,6193,5507,9320, 10383, 5985
62,5148,9483,9859,6232,5488,9301, 10383, 5956
61,5167,9511,9878,6251,5469,9272, 10344, 5927
60,5195,9540,9888,6271,5459,9252, 10325, 5898
59,5214,9568,9897,6309,5450,9223, 10315, 5870
58,5233,9616,9907,6338,5440,9194, 10276, 5831
57,5271,9654,9907,6358,5431,9175, 10257, 5802
56,5290,9673,9926,6397,5411,9146, 10238, 5774
55,5318,9701,9955,6445,5392,9117, 10199, 5745
54,5356,9720,9974,6474,5373,9088, 10170, 5716
53,5384,9749,9984,6513,5344,9068, 10131, 5668
52,5422,9777,10032,6542,5306,9020, 10102, 5649
51,5450,9787,10061,6590,5268,8991, 10073, 5620
50,5488,9806,10100,6619,5239,8962, 10024, 5601
49,5536,9834,10148,6668,5191,8923, 10005, 5601
48,5564,9853,10186,6697,5134,8884, 9956, 5591
47,5602,9882,10215,6735,5115,8855, 9917, 5573
46,5650,9891,10263,6755,5077,8826, 9879, 5554
45,5679,9901,10292,6755,5038,8816, 9850, 5535
44,5708,9901,10331,6726,5010,8797, 9820, 5516
43,5756,9910,10359,6716,4991,8797, 9801, 5506
42,5794,9910,10369,6697,4971,8807, 9782, 5487
41,5823,9901,10398,6677,4952,8816, 9782, 5497
40,5843,9882,10408,6639,4943,8836, 9782, 5497
39,5852,9853,10417,6619,4924,8865, 9791, 5506
38,5852,9815,10417,6600,4924,8894, 9782, 5525
37,5843,9768,10417,6571,4924,8923, 9811, 5544
36,5823,9720,10417,6542,4924,8942, 9820, 5563
35,5794,9701,10417,6503,4924,8981, 9840, 5573
34,5766,9663,10408,6464,4933,9020, 9859, 5601
33,5746,9625,10408,6435,4943,9068, 9879, 5620
32,5688,9597,10398,6397,4943,9097, 9917, 5639
31,5650,9568,10369,6358,4952,9146, 9927, 5659
30,5611,9540,10359,6319,4981,9175, 9937, 5697
29,5582,9521,10350,6290,4991,9204, 9966, 5726
28,5555,9511,10331,6261,5000,9223, 9985, 5755
27,5536,9492,10311,6251,5010,9233, 10005, 5783
26,5507,9483,10292,6251,5019,9272, 10034, 5812
25,5488,9473,10282,6232,5038,9301, 10044, 5831
24,5460,9464,10244,6213,5057,9310, 10044, 5860
23,5450,9454,10234,6184,5086,9330, 10063, 5889
22,5441,9436,10225,6135,5096,9339, 10092, 5898
21,5432,9417,10205,6116,5124,9368, 10102, 5918
20,5422,9407,10196,6106,5144,9368, 10102, 5937
19,5413,9388,10186,6087,5163,9388, 10111, 5956
18,5413,9368,10177,6058,5191,9407, 10102, 5966
17,5394,9339,10157,6058,5211,9427, 10131, 5985
16,5394,9320,10148,6048,5230,9445, 10141, 6004
15,5384,9301,10128,6038,5239,9464, 10160, 6023
14,5365,9272,10119,6019,5258,9483, 10170, 6042
13,5365,9262,10090,5990,5278,9502, 10179, 6062
12,5356,9233,10071,5970,5287,9521, 10179, 6081
11,5337,9204,10051,5922,5306,9559, 10189, 6100
10,5327,9175,10013,5893,5325,9587, 10189, 6129
9,5309,9146,9994,5845,5364,9616, 10218, 6157
8,5299,9117,9974,5825,5383,9654, 10228, 6177
7,5290,9097,9955,5796,5411,9682, 10228, 6215
6,5280,9068,9926,5757,5440,9711, 10247, 6244
5,5261,9039,9897,5738,5469,9749, 10267, 6282
4,5242,9000,9869,5719,5507,9768, 10286, 6311
3,5214,8971,9840,5690,5526,9806, 10315, 6340
2,5176,8933,9792,5651,5555,9825, 10325, 6378
1,5148,8894,9763,5641,5583,9844, 10393, 6426
0,5072,8865,9724,5622,5612,9872, 10422, 6455
99,5063,8816,9695,5583,5641,9901, 10461, 6503
98,5025,8797,9657,5583,5690,9920, 10500, 6541
97,4987,8749,9618,5564,5719,9910, 10538, 6580
96,4940,8720,9570,5555,5748,9929, 10567, 6618
95,4911,8710,9532,5545,5796,9958, 10626, 6656
94,4883,8710,9493,5526,5825,9967, 10655, 6675
93,4854,8720,9464,5526,5845,9977, 10664, 6675
92,4826,8749,9436,5517,5874,9977, 10684, 6675
91,4817,8787,9407,5517,5874,9977, 10713, 6666
90,4807,8816,9417,5526,5883,9967, 10713, 6647
89,4798,8836,9417,5536,5874,9958, 10732, 6618
88,4788,8865,9436,5564,5864,9929, 10732, 6580
87,4788,8875,9464,5583,5845,9910, 10732, 6570
86,4798,8884,9503,5612,5825,9901, 10723, 6532
85,4798,8923,9532,5622,5806,9872, 10713, 6503
84,4807,8942,9551,5641,5787,9844, 10713, 6474
83,4817,8981,9589,5670,5757,9815, 10694, 6455
82,4826,9020,9609,5699,5738,9806, 10694, 6407
81,4845,9068,9628,5728,5719,9758, 10694, 6378
80,4854,9097,9647,5748,5699,9739, 10674, 6349
79,4873,9126,9657,5796,5690,9711, 10664, 6311
78,4892,9146,9686,5816,5670,9692, 10635, 6282
77,4911,9165,9695,5854,5641,9663, 10616, 6273
76,4940,9184,9715,5893,5641,9644, 10606, 6234
75,4958,9204,9734,5912,5622,9606, 10587, 6205
74,4977,9223,9743,5961,5603,9578, 10548, 6177
73,4987,9243,9753,5990,5593,9559, 10529, 6157
72,4996,9262,9772,6009,5583,9530, 10509, 6138
71,5015,9291,9782,6029,5573,9511, 10500, 6138
70,5034,9310,9782,6048,5555,9483, 10509, 6109
69,5044,9320,9801,6087,5545,9473, 10470, 6100
68,5053,9349,9811,6096,5545,9436, 10461, 6081
67,5072,9388,9820,6125,5536,9417, 10461, 6071
66,5081,9397,9830,6135,5526,9397, 10441, 6052
65,5100,9417,9840,6154,5517,9378, 10412, 6023
64,5110,9436,9840,6184,5498,9349, 10403, 6004
63,5138,9464,9849,6193,5498,9330, 10393, 5985
62,5148,9492,9869,6232,5488,9301, 10373, 5956
61,5167,9521,9878,6261,5478,9272, 10354, 5918
60,5186,9540,9888,6271,5459,9252, 10325, 5898
59,5214,9578,9897,6309,5450,9223, 10325, 5870
58,5233,9616,9907,6329,5440,9194, 10276, 5831
57,5271,9644,9917,6368,5431,9175, 10257, 5802
56,5290,9682,9926,6406,5402,9146, 10228, 5764
55,5327,9701,9946,6445,5392,9117, 10189, 5745
54,5356,9730,9974,6474,5373,9088, 10170, 5707
53,5384,9749,9994,6513,5335,9059, 10131, 5668
52,5422,9777,10032,6552,5306,9020, 10102, 5649
51,5450,9787,10061,6600,5268,8991, 10073, 5620
50,5488,9806,10100,6629,5239,8942, 10034, 5611
49,5517,9834,10148,6677,5182,8923, 10005, 5601
48,5564,9853,10186,6706,5153,8894, 9956, 5591
47,5611,9882,10215,6735,5115,8846, 9927, 5573
46,5650,9882,10302,6755,5077,8826, 9879, 5554
45,5679,9891,10292,6755,5038,8807, 9840, 5535
44,5717,9910,10321,6726,5010,8797, 9820, 5516
43,5756,9910,10350,6706,4981,8797, 9801, 5497
42,5785,9910,10359,6697,4971,8807, 9782, 5497
41,5823,9901,10388,6668,4952,8816, 9772, 5497
40,5833,9882,10408,6639,4933,8836, 9772, 5506
39,5852,9853,10408,6619,4924,8865, 9782, 5516
38,5852,9815,10417,6600,4924,8894, 9791, 5535
37,5852,9777,10408,6571,4924,8913, 9791, 5554
36,5823,9730,10417,6532,4924,8942, 9811, 5554
35,5794,9701,10417,6503,4924,8991, 9820, 5582
34,5756,9663,10417,6484,4933,9010, 9859, 5611
33,5717,9625,10408,6445,4943,9059, 9879, 5620
32,5679,9587,10398,6397,4952,9097, 9908, 5649
31,5650,9568,10379,6358,4962,9126, 9927, 5668
30,5621,9549,10359,6319,4971,9165, 9947, 5707
29,5582,9521,10350,6290,4991,9194, 9966, 5735
28,5555,9511,10321,6261,5010,9213, 9985, 5755
27,5536,9502,10302,6261,5019,9243, 10005, 5793
26,5507,9483,10282,6242,5029,9272, 10034, 5812
25,5488,9473,10263,6242,5038,9281, 10044, 5841
24,5469,9464,10254,6222,5067,9310, 10044, 5870
23,5450,9454,10225,6174,5086,9330, 10063, 5889
22,5441,9436,10215,6145,5105,9339, 10092, 5898
21,5432,9417,10215,6125,5124,9359, 10102, 5918
20,5422,9407,10205,6096,5144,9368, 10102, 5937
19,5413,9388,10186,6096,5163,9378, 10111, 5956
18,5403,9368,10186,6087,5191,9397, 10111, 5975
17,5394,9339,10167,6058,5220,9427, 10141, 5994
16,5394,9320,10148,6048,5230,9436, 10141, 6014
15,5384,9301,10138,6038,5239,9464, 10160, 6023
14,5365,9281,10119,6009,5258,9473, 10170, 6052
13,5356,9262,10090,5990,5278,9502, 10170, 6062
12,5356,9233,10071,5961,5287,9530, 10189, 6081
11,5337,9213,10032,5922,5306,9568, 10170, 6109
10,5337,9184,10023,5893,5335,9587, 10199, 6138
9,5318,9155,9994,5854,5364,9616, 10218, 6157
8,5309,9126,9974,5825,5392,9663, 10218, 6177
7,5299,9097,9955,5787,5411,9692, 10228, 6225
6,5280,9068,9926,5757,5440,9720, 10247, 6244
5,5261,9039,9888,5728,5469,9758, 10257, 6292
4,5242,9000,9869,5719,5498,9777, 10286, 6311
3,5214,8971,9840,5690,5526,9806, 10315, 6349
2,5186,8942,9801,5661,5545,9815, 10354, 6388
1,5157,8894,9763,5632,5583,9844, 10393, 6426
0,5110,8855,9724,5612,5612,9872, 10422, 6455
99,5072,8826,9695,5593,5641,9901, 10470, 6503
98,5044,8787,9657,5583,5690,9910, 10500, 6541
97,4987,8758,9609,5564,5719,9910, 10538, 6580
96,4949,8710,9570,5555,5757,9920, 10577, 6618
95,4911,8710,9532,5545,5796,9958, 10606, 6656
94,4883,8710,9503,5526,5825,9967, 10645, 6685
93,4854,8720,9464,5517,5845,9967, 10674, 6685
92,4826,8749,9436,5526,5874,9967, 10684, 6675
91,4807,8787,9417,5517,5883,9967, 10713, 6666
90,4807,8816,9417,5526,5883,9967, 10713, 6647
89,4798,8836,9427,5545,5883,9958, 10732, 6618
88,4788,8865,9455,5564,5864,9920, 10723, 6589
87,4788,8884,9474,5583,5845,9910, 10713, 6551
86,4798,8884,9503,5603,5825,9891, 10723, 6532
85,4807,8923,9512,5632,5806,9863, 10713, 6503
84,4817,8952,9561,5641,5787,9844, 10713, 6474
83,4817,8981,9580,5670,5757,9815, 10703, 6445
82,4826,9030,9618,5709,5738,9796, 10694, 6407
81,4845,9068,9628,5728,5719,9768, 10694, 6378
80,4864,9097,9657,5748,5699,9749, 10684, 6349
79,4873,9126,9657,5787,5690,9711, 10664, 6311
78,4892,9136,9686,5816,5670,9692, 10655, 6282
77,4911,9165,9705,5845,5641,9663, 10616, 6273
76,4940,9184,9715,5883,5641,9644, 10597, 6234
75,4958,9204,9734,5922,5622,9606, 10587, 6215
74,4977,9223,9743,5961,5603,9587, 10538, 6186
73,4987,9252,9753,5980,5593,9559, 10538, 6157
72,5006,9262,9772,6009,5583,9530, 10509, 6129
71,5015,9281,9782,6029,5573,9511, 10509, 6119
70,5025,9320,9782,6048,5555,9492, 10509, 6119
69,5044,9320,9801,6087,5545,9464, 10480, 6100
68,5053,9349,9811,6096,5545,9436, 10461, 6090
67,5072,9378,9820,6125,5536,9417, 10451, 6071
66,5081,9397,9830,6145,5526,9388, 10432, 6042
65,5100,9417,9830,6154,5517,9368, 10412, 6023
64,5119,9436,9840,6184,5507,9349, 10393, 6004
63,5129,9464,9849,6193,5498,9320, 10383, 5994
62,5157,9492,9859,6232,5488,9301, 10383, 5946
61,5167,9511,9869,6251,5478,9272, 10354, 5927
60,5195,9540,9888,6271,5459,9243, 10335, 5898
59,5214,9578,9888,6309,5459,9223, 10325, 5870
58,5233,9616,9907,6338,5440,9204, 10286, 5831
57,5261,9644,9907,6358,5431,9165, 10257, 5802
56,5290,9682,10003,6406,5402,9146, 10238, 5774
55,5318,9701,9955,6445,5392,9117, 10208, 5745
54,5356,9730,9965,6474,5373,9078, 10179, 5716
53,5384,9739,9994,6513,5297,9059, 10141, 5668
52,5422,9777,10023,6552,5316,9020, 10102, 5649
51,5450,9787,10061,6590,5268,8991, 10063, 5620
50,5498,9796,10100,6629,5230,8952, 10034, 5611
49,5517,9825,10148,6677,5182,8923, 9995, 5601
48,5564,9853,10186,6697,5153,8884, 9956, 5591
47,5602,9882,10215,6735,5115,8855, 9927, 5573
46,5650,9882,10254,6755,5077,8836, 9869, 5554
45,5679,9891,10302,6755,5038,8807, 9850, 5535
44,5717,9910,10331,6726,5010,8797, 9820, 5516
43,5756,9910,10350,6716,4981,8797, 9791, 5506
42,5785,9910,10369,6687,4971,8797, 9791, 5497
41,5823,9901,10398,6668,4943,8816, 9772, 5497
40,5843,9872,10408,6639,4933,8846, 9782, 5506
39,5852,9853,10408,6619,4924,8865, 9782, 5516
38,5862,9815,10408,6590,4924,8884, 9782, 5535
37,5843,9777,10417,6571,4924,8923, 9801, 5554
36,5823,9730,10417,6552,4924,8942, 9811, 5563
35,5794,9701,10417,6503,4924,8971, 9830, 5582
34,5766,9663,10417,6484,4924,9010, 9859, 5601
33,5727,9625,10417,6455,4933,9059, 9869, 5620
32,5688,9597,10388,6397,4952,9097, 9917, 5649
31,5650,9568,10379,6348,4962,9146, 9937, 5668
30,5621,9540,10359,6319,4971,9165, 9947, 5697
29,5582,9521,10350,6290,4991,9194, 9966, 5726
28,5555,9511,10321,6271,5000,9223, 9985, 5755
27,5536,9502,10302,6261,5010,9243, 10005, 5793
26,5507,9483,10292,6251,5019,9262, 10014, 5812
25,5488,9454,10282,6232,5038,9291, 10044, 5831
24,5469,9464,10244,6213,5067,9310, 10044, 5870
23,5450,9454,10234,6174,5086,9330, 10063, 5889
22,5441,9436,10215,6145,5096,9349, 10102, 5898
21,5432,9417,10205,6125,5124,9368, 10092, 5918
20,5422,9407,10186,6106,5144,9368, 10102, 5937
19,5413,9388,10186,6087,5163,9388, 10111, 5946
18,5403,9368,10177,6067,5182,9407, 10121, 5975
17,5394,9349,10157,6048,5211,9427, 10141, 5985
16,5394,9320,10157,6048,5230,9445, 10141, 6004
15,5384,9301,10128,6038,5239,9473, 10150, 6023
14,5365,9281,10119,6009,5249,9473, 10170, 6042
13,5365,9262,10090,5990,5278,9502, 10170, 6062
12,5356,9233,10071,5970,5287,9521, 10179, 6081
11,5337,9204,10032,5922,5306,9559, 10189, 6109
10,5327,9175,10023,5883,5325,9587, 10189, 6138
9,5309,9146,9984,5854,5354,9625, 10218, 6157
8,5299,9117,9974,5825,5383,9654, 10228, 6177
7,5290,9097,9946,5787,5411,9682, 10228, 6225
6,5280,9068,9917,5757,5440,9711, 10247, 6244
5,5261,9039,9897,5738,5459,9758, 10257, 6292
4,5242,9000,9869,5719,5507,9777, 10286, 6311
3,5195,8971,9840,5690,5526,9806, 10315, 6349
2,5186,8942,9792,5670,5555,9825, 10335, 6388
1,5148,8894,9763,5632,5583,9853, 10393, 6426
0,5100,8865,9734,5622,5612,9872, 10432, 6464
99,5063,8826,9695,5593,5651,9901, 10461, 6503
98,5025,8787,9657,5583,5690,9910, 10500, 6551
97,4977,8758,9618,5564,5719,9910, 10548, 6589
96,4940,8720,9570,5555,5757,9920, 10577, 6618
95,4902,8710,9532,5545,5787,9958, 10606, 6656
94,4883,8710,9503,5526,5825,9967, 10645, 6685
93,4845,8720,9464,5526,5845,9977, 10674, 6685
92,4835,8749,9455,5526,5874,9977, 10694, 6675
91,4817,8778,9417,5526,5883,9977, 10713, 6666
90,4807,8816,9407,5526,5874,9967, 10713, 6647
89,4798,8836,9417,5545,5874,9948, 10732, 6618
88,4798,8865,9436,5564,5874,9920, 10732, 6599
87,4798,8875,9464,5593,5845,9910, 10723, 6551
86,4798,8884,9503,5603,5825,9891, 10723, 6541
85,4798,8923,9522,5632,5796,9872, 10713, 6503
84,4807,8952,9551,5651,5777,9844, 10723, 6464
83,4817,8981,9580,5680,5757,9815, 10703, 6436
82,4826,9020,9599,5709,5738,9806, 10684, 6407
81,4845,9068,9628,5728,5728,9777, 10694, 6378
80,4864,9097,9647,5757,5699,9739, 10674, 6349
79,4873,9126,9657,5787,5690,9720, 10664, 6321
78,4892,9146,9676,5816,5661,9701, 10645, 6292
77,4911,9165,9695,5854,5641,9673, 10616, 6273
76,4940,9184,9715,5883,5632,9644, 10597, 6234
75,4958,9204,9724,5912,5622,9616, 10577, 6215
74,4968,9233,9743,5961,5603,9587, 10538, 6196
73,4987,9252,9763,5980,5593,9568, 10538, 6157
72,4996,9272,9772,6019,5583,9540, 10519, 6138
71,5015,9281,9782,6029,5564,9511, 10500, 6138
70,5025,9310,9782,6048,5564,9492, 10500, 6119
69,5044,9330,9801,6087,5545,9473, 10470, 6100
68,5063,9359,9811,6106,5545,9445, 10461, 6071
67,5072,9378,9820,6125,5536,9427, 10461, 6071
66,5081,9397,9830,6145,5526,9397, 10432, 6042
65,5100,9417,9840,6154,5517,9378, 10422, 6023
64,5119,9436,9840,6174,5517,9359, 10393, 6014
63,5129,9464,9849,6193,5507,9330, 10393, 5985
62,5157,9492,9869,6232,5488,9310, 10393, 5946
61,5176,9521,9878,6251,5469,9281, 10354, 5927
60,5186,9540,9888,6271,5459,9252, 10325, 5898
59,5214,9578,9897,6309,5440,9243, 10315, 5860
58,5233,9606,9897,6329,5440,9213, 10286, 5831
57,5252,9654,9907,6358,5431,9175, 10247, 5802
56,5299,9673,9926,6397,5402,9155, 10228, 5774
55,5318,9711,9946,6445,5392,9126, 10208, 5735
54,5356,9730,9965,6474,5373,9088, 10170, 5716
53,5384,9739,9994,6513,5335,9068, 10131, 5668
52,5422,9777,10032,6542,5306,9030, 10111, 5649
51,5450,9796,10071,6590,5268,9000, 10073, 5630
50,5488,9796,10109,6629,5230,8971, 10034, 5601
49,5517,9825,10148,6677,5191,8933, 9995, 5601
48,5555,9853,10186,6697,5153,8894, 9947, 5582
47,5611,9872,10215,6735,5115,8865, 9927, 5573
46,5650,9882,10263,6755,5067,8826, 9879, 5563
45,5669,9891,10302,6755,5038,8816, 9840, 5535
44,5717,9910,10321,6735,5010,8807, 9820, 5516
43,5756,9910,10359,6716,4981,8797, 9791, 5506
42,5785,9910,10369,6697,4971,8797, 9782, 5506
41,5823,9901,10398,6677,4952,8826, 9753, 5506
40,5843,9882,10408,6639,4943,8836, 9762, 5506
39,5852,9853,10417,6619,4924,8865, 9772, 5516
38,5852,9815,10417,6600,4924,8894, 9782, 5535
37,5843,9777,10408,6571,4924,8913, 9801, 5554
36,5823,9730,10417,6532,4924,8942, 9820, 5563
35,5785,9701,10417,6513,4924,8991, 9830, 5591
34,5746,9663,10408,6474,4924,9020, 9859, 5601
33,5717,9625,10408,6445,4943,9059, 9879, 5620
32,5679,9606,10408,6397,4952,9097, 9917, 5659
31,5650,9568,10379,6348,4952,9136, 9937, 5668
30,5611,9549,10359,6319,4981,9165, 9937, 5707
29,5573,9530,10350,6290,4991,9194, 9976, 5735
28,5555,9521,10321,6261,5010,9213, 9985, 5764
27,5526,9502,10302,6261,5010,9243, 10005, 5783
26,5498,9492,10282,6251,5019,9262, 10034, 5812
25,5488,9483,10273,6242,5048,9281, 10044, 5831
24,5460,9464,10254,6164,5077,9301, 10044, 5860
23,5450,9454,10225,6164,5086,9320, 10063, 5879
22,5441,9436,10215,6145,5115,9339, 10102, 5898
21,5432,9417,10215,6125,5124,9349, 10092, 5918
20,5422,9407,10205,6106,5153,9368, 10102, 5927
19,5413,9388,10186,6106,5172,9378, 10111, 5946
18,5403,9368,10186,6087,5201,9397, 10111, 5966
17,5394,9339,10167,6058,5220,9417, 10141, 5985
16,5394,9320,10157,6019,5230,9427, 10141, 5994
15,5384,9301,10128,6029,5239,9454, 10160, 6014
14,5365,9281,10119,6000,5258,9483, 10170, 6042
13,5365,9252,10090,5990,5268,9502, 10170, 6052
12,5356,9223,10061,5970,5287,9521, 10179, 6081
11,5337,9204,10032,5922,5306,9559, 10179, 6100
10,5327,9175,10023,5893,5335,9597, 10189, 6129
9,5318,9146,9994,5854,5364,9616, 10208, 6148
8,5309,9117,9974,5825,5402,9654, 10218, 6177
7,5290,9088,9955,5796,5411,9692, 10238, 6215
6,5280,9068,9917,5767,5440,9720, 10247, 6244
5,5271,9039,9897,5738,5469,9749, 10257, 6282
4,5233,8991,9859,5719,5498,9768, 10286, 6311
3,5214,8962,9830,5690,5526,9806, 10315, 6349
2,5186,8933,9782,5651,5545,9825, 10335, 6378
1,5157,8884,9753,5632,5573,9853, 10393, 6426
0,5100,8855,9724,5612,5612,9882, 10432, 6464
99,5072,8816,9695,5593,5641,9901, 10470, 6503
98,5025,8787,9657,5583,5680,9910, 10500, 6541
97,4996,8749,9609,5564,5728,9910, 10538, 6580
96,4940,8720,9580,5555,5757,9920, 10577, 6618
95,4902,8710,9541,5555,5796,9948, 10616, 6656
94,4873,8710,9503,5526,5835,9967, 10655, 6685
93,4854,8720,9464,5526,5864,9977, 10664, 6685
92,4826,8749,9436,5517,5874,9977, 10694, 6675
91,4807,8778,9436,5517,5893,9967, 10713, 6666
90,4798,8807,9427,5526,5883,9967, 10723, 6656
89,4798,8836,9436,5545,5883,9958, 10732, 6618
88,4788,8865,9455,5564,5874,9920, 10732, 6589
87,4798,8875,9484,5583,5854,9910, 10723, 6551
86,4798,8894,9503,5603,5835,9891, 10723, 6541
85,4807,8913,9532,5622,5806,9872, 10713, 6503
84,4817,8942,9570,5641,5787,9844, 10703, 6474
83,4817,8981,9589,5670,5767,9815, 10703, 6445
82,4826,9020,9618,5699,5738,9806, 10694, 6407
81,4845,9059,9638,5728,5719,9758, 10684, 6378
80,4854,9107,9647,5748,5699,9739, 10674, 6349
79,4883,9126,9666,5787,5690,9720, 10664, 6321
78,4892,9146,9666,5806,5670,9682, 10635, 6292
77,4911,9165,9705,5845,5651,9663, 10616, 6273
76,4930,9184,9724,5883,5632,9644, 10597, 6234
75,5015,9204,9734,5912,5622,9606, 10587, 6215
74,4968,9233,9743,5932,5603,9578, 10548, 6186
73,4996,9243,9753,5980,5603,9559, 10529, 6157
72,5006,9272,9763,6000,5583,9530, 10509, 6138
71,5015,9281,9782,6029,5564,9502, 10509, 6119
70,5025,9310,9782,6048,5564,9483, 10500, 6119
69,5044,9330,9801,6077,5555,9464, 10480, 6100
68,5053,9359,9811,6096,5545,9436, 10461, 6081
67,5072,9378,9820,6125,5536,9417, 10451, 6071
66,5081,9397,9830,6145,5526,9388, 10422, 6042
65,5100,9417,9840,6154,5517,9368, 10422, 6033
64,5119,9436,9840,6184,5517,9349, 10403, 6004
63,5129,9464,9849,6193,5507,9320, 10383, 5985
62,5148,9492,9859,6232,5488,9301, 10373, 5946
61,5167,9521,9869,6251,5478,9272, 10344, 5927
60,5195,9540,9888,6271,5469,9243, 10325, 5898
59,5214,9578,9897,6309,5459,9213, 10325, 5860
58,5233,9616,9907,6329,5440,9204, 10276, 5831
57,5271,9644,9907,6368,5421,9165, 10267, 5802
56,5290,9673,9926,6406,5402,9146, 10228, 5774
55,5318,9711,9955,6445,5392,9117, 10199, 5745
54,5356,9730,9965,6474,5383,9078, 10170, 5716
53,5384,9739,9984,6513,5335,9059, 10141, 5678
52,5422,9768,10032,6552,5306,9020, 10102, 5639
51,5450,9787,10071,6600,5278,8991, 10073, 5620
50,5488,9796,10100,6629,5230,8952, 10044, 5601
49,5526,9825,10148,6677,5191,8923, 10005, 5601
48,5564,9853,10186,6706,5153,8884, 9956, 5591
47,5602,9872,10254,6735,5115,8855, 9917, 5573
46,5650,9882,10263,6755,5067,8826, 9879, 5554
45,5669,9891,10292,6755,5038,8807, 9850, 5535
44,5717,9910,10331,6735,5010,8797, 9811, 5516
43,5746,9920,10359,6706,4991,8787, 9791, 5506
42,5785,9910,10369,6687,4962,8797, 9782, 5497
41,5823,9891,10398,6677,4943,8816, 9772, 5477
40,5833,9882,10408,6629,4943,8836, 9772, 5506
39,5852,9853,10465,6610,4924,8865, 9782, 5516
38,5852,9815,10417,6590,4924,8894, 9791, 5535
37,5843,9777,10417,6571,4924,8923, 9801, 5554
36,5823,9730,10417,6532,4924,8942, 9820, 5563
35,5794,9701,10417,6513,4924,8981, 9820, 5582
